{
  "project_info": {
    "project_number": "552668112958",
    "project_id": "appcona-577bb",
    "storage_bucket": "appcona-577bb.appspot.com"
  },
  "client": [
    {
      "client_info": {
        "mobilesdk_app_id": "1:552668112958:android:ca29329ccb6fcdfa82096f",
        "android_client_info": {
          "package_name": "com.axel10.appconalep"
        }
      },
      "oauth_client": [
        {
          "client_id": "552668112958-4hsgjdtfd06lp18em7eclis5hmj7sb0b.apps.googleusercontent.com",
          "client_type": 3
        }
      ],
      "api_key": [
        {
          "current_key": "AIzaSyBMtDiADmiMC3XhfHXQLYIxY8JpQKdAlso"
        }
      ],
      "services": {
        "appinvite_service": {
          "other_platform_oauth_client": [
            {
              "client_id": "552668112958-4hsgjdtfd06lp18em7eclis5hmj7sb0b.apps.googleusercontent.com",
              "client_type": 3
            }
          ]
        }
      }
    },
    {
      "client_info": {
        "mobilesdk_app_id": "1:552668112958:android:213addacc3d5f09582096f",
        "android_client_info": {
          "package_name": "com.maxxel10.conaapp"
        }
      },
      "oauth_client": [
        {
          "client_id": "552668112958-preqi34426j8buehb8atict9ie85i4us.apps.googleusercontent.com",
          "client_type": 1,
          "android_info": {
            "package_name": "com.maxxel10.conaapp",
            "certificate_hash": "52f3b77fc2b4e36e2b806462256f497221cb318b"
          }
        },
        {
          "client_id": "552668112958-4hsgjdtfd06lp18em7eclis5hmj7sb0b.apps.googleusercontent.com",
          "client_type": 3
        }
      ],
      "api_key": [
        {
          "current_key": "AIzaSyBMtDiADmiMC3XhfHXQLYIxY8JpQKdAlso"
        }
      ],
      "services": {
        "appinvite_service": {
          "other_platform_oauth_client": [
            {
              "client_id": "552668112958-4hsgjdtfd06lp18em7eclis5hmj7sb0b.apps.googleusercontent.com",
              "client_type": 3
            }
          ]
        }
      }
    }
  ],
  "configuration_version": "1"
}